{"Quantitative Reasoning in Mathematics or Statistics": ["MATH 1007", "MATH 1008", "MATH 1009", "MATH 1010", "MATH 1051", "MATH 1221", "MATH 1231", "MATH 1232", "MATH 1252", "MATH 2233", "STAT 1000", "STAT 1000", "STAT 1051", "STAT 1053", "STAT 1111", "STAT 1127", "STAT 2112", "STAT 2118"], "Scientific Reasoning in Natural and/or Physical Lab Sciences": ["ANTH 1001", "ANTH 3412", "ASTR 1001", "ASTR 1002", "BISC 1005", "BISC 1006", "BISC 1007", "BISC 1008", "BISC 1111", "BISC 1112", "BISC 1115", "BISC 1116", "BISC 1120", "BISC 1125", "BISC 1126", "BISC 1334", "CHEM 1003", "CHEM 1004", "CHEM 1111", "CHEM 1112", "FORS 2017", "GEOG 1002", "GEOL 1001", "GEOL 1002", "GEOL 1005", "GEOL 1006", "GTCH 3202", "HONR 1033", "HONR 1034", "PHYS 1003", "PHYS 1007", "PHYS 1011", "PHYS 1012", "PHYS 1021", "PHYS 1022", "PHYS 1025", "PHYS 1026"], "Critical Thinking in the Humanities": ["AH 1031", "AMST 1000", "AMST 1000", "AMST 1000", "AMST 1050", "AMST 1050", "AMST 1160", "AMST 1200", "AMST 2010", "AMST 2011", "AMST 2020", "AMST 2120W", "AMST 2210", "AMST 2320", "AMST 2350", "AMST 2380", "AMST 2385", "AMST 2410", "AMST 2430", "AMST 2440", "AMST 2450", "AMST 2600", "AMST 2610", "AMST 2620", "AMST 2630", "AMST 2710", "AMST 2730", "AMST 2750W", "AMST 3352", "AMST 3360", "AMST 3361", "AMST 3600", "AMST 3625", "ANTH 1000", "ANTH 2750", "ANTH 3625", "ARAB 1000", "ARAB 1000", "ARAB 2105", "CAH 1031", "CAH 2113", "CAH 2114", "CAH 2115", "CHEM 1000", "CHIN 3111", "CHIN 3112", "CHIN 3116", "CHIN 3123", "CHIN 3124", "CHIN 3163", "CLAS 1001", "CLAS 2107", "CLAS 2113", "CMUS 1161", "CTAD 1021W", "DATS 2101", "EALL 3811", "EALL 3814", "EALL 3814W", "ENGL 1000", "ENGL 1000", "ENGL 1000", "ENGL 1050", "ENGL 1300", "ENGL 1315", "ENGL 1320", "ENGL 1330", "ENGL 1340", "ENGL 1351", "ENGL 1360", "ENGL 1365", "ENGL 1500", "ENGL 2100", "ENGL 2410", "ENGL 2411", "ENGL 2510", "ENGL 2511", "ENGL 2610", "ENGL 2611", "ENGL 2710", "ENGL 2711", "ENGL 2712", "ENGL 3385", "ENGL 3400", "ENGL 3446", "ENGL 3621", "ENGL 3730", "ENGL 3800", "ENGL 3910", "ENGL 3918", "FREN 2006", "FREN 2500", "FREN 2600", "FREN 3020", "FREN 3100", "FREN 3500", "FREN 3700", "FREN 4540", "GER 1000", "GER 1000", "GER 1000", "GER 2091", "GER 2092", "GER 2161", "GER 2162", "GER 3182", "GER 3187", "GER 3190", "GREK 1001", "GTCH 3103", "HEBR 1001", "HIST 1000", "HIST 1000", "HIST 1011", "HIST 1020", "HIST 1110", "HIST 1120", "HIST 1120W", "HIST 1121", "HIST 1310", "HIST 1311", "HIST 2010", "HIST 2011", "HIST 2020", "HIST 2050", "HIST 3060", "HIST 2061", "HIST 2113", "HIST 2124", "HIST 2125", "HIST 2131", "HIST 2141", "HIST 2160", "HIST 2312", "HIST 2313", "HIST 3313", "HIST 2321", "HIST 2322", "HIST 2350", "HIST 2380", "HIST 2410", "HIST 2440", "HIST 2520", "HIST 2610", "HIST 2630", "HIST 2710", "HIST 2730", "HIST 2811", "HIST 2850", "HIST 3044W", "HIST 3352", "HIST 3353", "HIST 3360", "HIST 3361", "HIST 3611", "HIST 3630", "HIST 3811", "HONR 1016", "HONR 2053", "ITAL 3310", "ITAL 4100", "ITAL 4184", "ITAL 4380", "JAPN 3111", "JAPN 3112", "JSTD 2060", "KOR 3111", "KOR 3112", "KOR 3123", "KOR 3124", "LATN 2001", "LATN 3001", "LATN 3002", "PHIL 1000", "PHIL 1051", "PHIL 1153", "PHIL 2124", "PHIL 2125", "PHIL 2125W", "PHIL 2131", "PHIL 2132", "PHIL 2133", "PHIL 2134", "PHIL 2136", "PHIL 2140", "PHIL 2281", "PHIL 3142", "PHIL 3151", "PHIL 3153", "PSC 2120W", "PSTD 1010", "REL 1000", "REL 1000", "REL 1010", "REL 2165", "REL 2169", "REL 2301", "REL 2314", "REL 2401", "REL 2501", "REL 2562", "REL 2811", "REL 2814", "REL 2981", "REL 3405", "REL 3151", "REL 3161", "REL 3405", "REL 3614", "REL 3923", "SLAV 1017", "SLAV 2310", "SLAV 2320", "SPAN 1095", "SPAN 2005", "SPAN 2006", "SPAN 2026", "SPAN 2056", "SPAN 2156", "SPAN 2500", "SPAN 3100", "SPAN 3200", "UNIV 1006", "WGSS 1000", "WGSS 1020", "PHIL 2125", "PHIL 2125W", "WGSS 2380", "WGSS 2385", "WGSS 2710", "WGSS 2711W", "WGSS 3352", "WGSS 3353", "WGSS 3730", "WGSS 3730", "WGSS 3981", "WLP 1020"], "Critical Thinking, Quantitative Reasoning or Scientific Reasoning in the Social Sciences": ["ANTH 1000", "ANTH 1000", "ANTH 1000", "ANTH 1000", "ANTH 1000", "ANTH 1000", "ANTH 1000", "ANTH 1002", "ANTH 1003", "ANTH 1004", "ANTH 2008", "ANTH 2502", "ANTH 3704", "ANTH 3838", "COMM 1000", "COMM 1025", "COMM 1040", "COMM 1041", "ECON 1002", "ECON 1011", "ECON 1012", "GEOG 1000", "GEOG 1000", "GEOG 1000", "GEOG 1001", "GEOG 1003", "GEOG 3143", "GTCH 3300", "HONR 2043", "HONR 2044", "HONR 2047", "HSSJ 1000", "HSSJ 2200", "ORSC 1000", "ORSC 2000", "PSC 1000", "PSC 1000", "PSC 1000", "PSC 1000", "PSC 1000", "PSC 1000", "PSC 1000", "PSC 1001", "PSC 1002", "PSC 1011", "PSC 1012W", "PSYC 1000", "PSYC 2011", "PSYC 2012", "PSYC 2013", "PSYC 2014", "PSYC 2015", "SLHS 1071", "SLHS 1072", "SLHS 1084", "SLHS 4201", "SMPA 1000", "SMPA 1050", "SMPA 2101", "SMPA 2102", "SOC 1000", "SOC 1002", "SOC 1003", "SOC 2104", "SOC 2169", "SUST 1001", "UNIV 1005", "PSYC 1001", "ECON 1011"], "Creative or Critical Thinking in the Arts": ["AH 1032", "AH 2071", "AH 2154", "AH 2155", "AH 2162", "AH 2191", "AMST 1000", "AMST 1000", "AMST 1100", "AMST 2071", "AMST 2520", "AMST 2521", "CAH 1000", "CAH 1000", "CAH 1032", "CAH 1090", "CAH 2071", "CAH 2154", "CAH 2155", "CAH 2162", "CAH 2191", "CFN 1093", "CGD 2020", "CHIN 3173", "CIAR 1000", "CIAR 3325", "CLAS 3112", "CMUS 1104", "CMUS 1106", "CMUS 2101", "CMUS 2110", "CMUS 2122", "CSA 1041", "CSA 1501", "CSA 1502", "CSA 1601", "CSA 1702", "CSA 2513", "CSA 2703", "CSA 3915", "CTAD 1000", "CTAD 1000", "CTAD 1000", "CTAD 1000", "CTAD 1000", "CTAD 1020", "CTAD 1035", "CTAD 1214", "CTAD 1215", "CTAD 2191W", "TRDA 2195", "CTAD 2195W", "CTAD 3245", "CTAD 3246", "ENGL 1000", "ENGL 1210", "ENGL 2210", "ENGL 2210", "IA 3325", "ITAL 4183", "MUS 1000", "MUS 1103", "MUS 1104", "MUS 1105", "MUS 1106", "MUS 2101", "MUS 2122", "SLAV 2785", "SLAV 2786", "TRDA 2191W", "TRDA 2191W", "TRDA 2191W", "TRDA 1020", "TRDA 1214", "TRDA 1215", "TRDA 2191W", "TRDA 2191W", "TRDA 2195", "TRDA 3245", "TRDA 3246"], "Global or Cross-Cultural Perspectives": ["CAH 1031", "AH 2191", "AMST 1000", "AMST 1000", "AMST 1050", "AMST 1200", "AMST 2010", "AMST 2011", "AMST 2120W", "AMST 2210", "AMST 2320", "AMST 2350", "AMST 2380", "AMST 2385", "AMST 2410", "AMST 2440", "AMST 2610", "AMST 2710", "AMST 2730", "AMST 2750", "AMST 3352", "AMST 3353", "AMST 3360", "AMST 3361", "ANTH 1000", "ANTH 1000", "ANTH 1000", "ANTH 1000", "ANTH 1000", "ANTH 1000", "ANTH 1002", "ANTH 1003", "ANTH 1004", "ANTH 2008", "ANTH 2750", "ANTH 3704", "ANTH 3838", "ARAB 1000", "ARAB 2105", "CAH 1031", "CHIN 3111", "CHIN 3111", "CHIN 3116", "CHIN 3123", "CHIN 3124", "CHIN 3163", "CHIN 3173", "CIAR 1000", "IA 3325", "CLAS 2113", "CTAD 1000", "CTAD 1000", "CTAD 1000", "CTAD 1000", "CTAD 1000", "EALL 3811", "EALL 3814", "EALL 3814W", "ENGL 1300", "ENGL 1330", "ENGL 1340", "ENGL 2610", "ENGL 2611", "ENGL 2710", "ENGL 2711", "ENGL 2711W", "ENGL 2712", "ENGL 3730", "ENGL 3730W", "ENGL 3800", "FREN 2006", "FREN 3020", "FREN 3100", "FREN 4540", "GEOG 1000", "GEOG 1000", "GEOG 1001", "GER 1000", "GER 1000", "GER 2091", "GER 2092", "GER 2161", "GER 2162", "GER 3182", "GER 3187", "GREK 1001", "GTCH 3300", "HIST 1000", "HIST 1011", "HIST 1020", "HIST 1110", "HIST 1120", "HIST 1120W", "HIST 1121", "HIST 1310", "HIST 1311", "HIST 2010", "HIST 2011", "HIST 2050", "HIST 2061", "HIST 2113", "HIST 2124", "HIST 2125", "HIST 2131", "HIST 2141", "HIST 2160", "HIST 2312", "HIST 2313", "HIST 2320", "HIST 2321", "HIST 2322", "HIST 2350", "HIST 2380", "HIST 2410", "HIST 2440", "HIST 2520", "HIST 2610", "HIST 2710", "HIST 2730", "HIST 2811", "HIST 2850", "HIST 3044W", "HIST 3352", "HIST 3353", "HIST 3360", "HIST 3361", "HIST 3811", "HSSJ 1000", "IA 1000", "IA 3325", "ITAL 3310", "ITAL 3310", "ITAL 4184", "ITAL 4380", "JAPN 3111", "JAPN 3112", "KOR 3111", "KOR 3112", "KOR 3123", "KOR 3124", "MUS 1000", "PHIL 2125", "PHIL 2134", "PSC 1000", "PSC 1000", "PSC 1000", "PSC 1001", "PSC 1012W", "PSC 2120W", "PSTD 1010", "REL 1000", "REL 1010", "REL 2165", "REL 2169", "REL 2301", "REL 2562", "REL 2811", "REL 2814", "REL 2981", "REL 3151", "REL 3151", "REL 3161", "REL 3923", "SLAV 1017", "SLAV 2310", "SLAV 2320", "SLHS 1071", "SLHS 1072", "SLHS 1084", "SOC 2101", "SOC 2101", "SPAN 1095", "SPAN 2005", "SPAN 2006", "SPAN 2026", "SPAN 2056", "SPAN 2156", "SPAN 2500", "SPAN 3100", "SPAN 3200", "WGSS 1000", "WGSS 1000", "WGSS 1000", "WGSS 1000", "WGSS 1020", "WGSS 2380", "WGSS 2385", "WGSS 2710", "WGSS 2710", "WGSS 2711W", "WGSS 3352", "WGSS 3353", "WGSS 3730", "WGSS 3730", "WGSS 3981"], "Local/Civic Engagement": ["AMST 2020", "AMST 2450", "AMST 2630", "AMST 3625", "ANTH 3625", "BISC 1007", "BISC 1008", "CGD 2020", "CHEM 1003", "CMUS 2110", "CSA 1702", "CSA 3915", "CTAD 1021W", "DATS 2101", "ECON 1002", "GEOG 1003", "GEOG 3143", "GTCH 3103", "HIST 1000", "HIST 2020", "HONR 1033", "HSSJ 2200", "PHIL 2133", "PHIL 2136", "PHIL 2140", "PHIL 2281", "PHIL 3142", "PSC 1000", "PSC 1000", "PSC 1002", "PSC 1011", "SOC 1002", "SUST 1001"], "Oral Communication": ["AMST 1000", "AMST 1000", "AMST 2010", "AMST 2450", "AMST 2620", "ANTH 1004", "ANTH 2008", "ANTH 2502", "ANTH 3704", "ANTH 3838", "ARAB 3001", "ARAB 3105", "ARAB 4002", "CAH 2113", "CAH 2114", "CFN 1093", "CHEM 2118W", "CMUS 2122", "COMM 1040", "COMM 1041", "CSA 2513", "CSA 2703", "CTAD 1000", "CTAD 1000", "CTAD 1000", "EAP 1010", "ECON 4198W", "ENGL 1000", "ENGL 1365", "ENGL 1710", "ENGL 1711", "ENGL 2510", "ENGL 2710", "ENGL 2711", "ENGL 3385", "ENGL 3400", "ENGL 3481", "ENGL 3620", "ENGL 3621", "ENGL 3730", "ENGL 3800", "ENGL 3918", "FREN 1000", "FREN 2005", "FREN 2006", "FREN 2500", "FREN 2600", "FREN 3020", "FREN 3500", "FREN 3700", "GEOG 1000", "GER 1000", "GER 2091", "GER 2092", "GER 2109", "GER 2109", "GER 2111", "GER 2161", "GER 3182", "GER 3187", "GREK 1002", "GTCH 2003", "GTCH 3101", "HEBR 3001", "HEBR 3101", "HIST 1110", "HIST 2010", "HIST 2050", "HIST 3060", "HIST 3044W", "HONR 1034", "HSSJ 4195", "ITAL 4380", "JSTD 2060", "LATN 2002", "MUS 2122", "ORSC 2000", "PHIL 2124", "PHIL 2133", "PHIL 2134", "PHIL 4192", "PHIL 4198", "PHYS 4195", "PHYS 4195W", "PSTD 1010", "REL 1010", "REL 2301", "REL 2814", "REL 2981", "SLHS 1011", "SLHS 4201", "SOC 4192", "SOC 4195", "SOC 4195W", "SPAN 2006", "SPAN 2056", "SPAN 3022", "SPAN 3100", "SPAN 3200", "CTAD 1000", "CTAD 1000", "CTAD 1000", "WGSS 2710", "WGSS 2711W", "WGSS 3730", "WGSS 3730", "WGSS 3981", "WLP 1020"]}